<?xml version="1.0" encoding="UTF-8"?>
<beans xmlns="http://www.springframework.org/schema/beans"
    xmlns:xsi="http://www.w3.org/2001/XMLSchema-instance" xmlns:jee="http://www.springframework.org/schema/jee"
    xmlns:jdbc="http://www.springframework.org/schema/jdbc"
    xsi:schemaLocation="http://www.springframework.org/schema/jdbc http://www.springframework.org/schema/jdbc/spring-jdbc.xsd
		http://www.springframework.org/schema/jee http://www.springframework.org/schema/jee/spring-jee.xsd
		http://www.springframework.org/schema/beans http://www.springframework.org/schema/beans/spring-beans.xsd">

    <bean id="realDataSource" class="org.apache.commons.dbcp.BasicDataSource"
        destroy-method="close">
        <property name="driverClassName" value="${database.driverClassName}" />
        <property name="url" value="${database.url}" />
        <property name="username" value="${database.username}" />
        <property name="password" value="${database.password}" />
        <property name="testOnBorrow" value="true" />
        <property name="testOnReturn" value="true" />
        <property name="testWhileIdle" value="true" />
        <property name="timeBetweenEvictionRunsMillis" value="1800000" />
        <property name="numTestsPerEvictionRun" value="3" />
        <property name="minEvictableIdleTimeMillis" value="1800000" />
        <property name="defaultAutoCommit" value="false" />
    </bean>

    <bean id="dataSource" class="net.sf.log4jdbc.Log4jdbcProxyDataSource">
        <constructor-arg name="realDataSource" ref="realDataSource" />
    </bean>

    <!-- <jee:jndi-lookup id="dataSource" jndi-name="jdbc/dataSource"></jee:jndi-lookup> -->

    <jdbc:initialize-database data-source="dataSource" ignore-failures="ALL">
        <jdbc:script location="classpath:/database/${database}-schema.sql" />
        <jdbc:script location="classpath:/database/${database}-dataload.sql" />
    </jdbc:initialize-database>
</beans>
