<?xml version="1.0" encoding="UTF-8"?>
<beans xmlns="http://www.springframework.org/schema/beans"
    xmlns:xsi="http://www.w3.org/2001/XMLSchema-instance" xmlns:sec="http://www.springframework.org/schema/security"
    xmlns:context="http://www.springframework.org/schema/context"
    xsi:schemaLocation="http://www.springframework.org/schema/security http://www.springframework.org/schema/security/spring-security.xsd
		http://www.springframework.org/schema/beans http://www.springframework.org/schema/beans/spring-beans.xsd
		http://www.springframework.org/schema/context http://www.springframework.org/schema/context/spring-context.xsd">

    <sec:http auto-config="true" use-expressions="true">
        <sec:form-login login-page="/login.jsp" />
        <sec:intercept-url pattern="/login.jsp"
            access="permitAll" />
        <sec:intercept-url pattern="/resources/**"
            access="permitAll" />
        <sec:intercept-url pattern="/**"
            access="hasRole('ROLE_ADMIN')" />
    </sec:http>

    <sec:authentication-manager>
        <sec:authentication-provider>
            <sec:password-encoder ref="passwordEncoder" />
            <sec:user-service>
                <!-- Password is "demo" for demo user. -->
                <sec:user name="demo"
                    password="$2a$10$oxSJl.keBwxmsMLkcT9lPeAIxfNTPNQxpeywMrF7A3kVszwUTqfTK"
                    authorities="ROLE_ADMIN" />
            </sec:user-service>
        </sec:authentication-provider>
    </sec:authentication-manager>
</beans>
